Ching Leopoldo,chleopoldo,Grand Master of Underlings,
Callie Kristen,cakristen,Oyster Floater,jesun
Sabra Rickie,sarickie,Sous chef,cojosue
Shaneka Felice,shfelice,Chief Inspiration Officer,huervin
Audria Andrea,auandrea,Digital Dynamo,hedarius
Celsa Noble,cenoble,Initiative Officer,cojosue
Madeline Christiana,machristiana,Director of Ethical Hacking,diaudrey
Richard Ralph,riralph,Sales Ninja,sasusana
Marcy Blanche,mablanche,Director of First Impressions,jesun
Cliff Sue,clsue,Director of First Impressions,vachris
Shanita Carroll,shcarroll,Personalized care assistant,chleopoldo
Dedra Bertie,debertie,Animal Colourist,wamitch
Ursula Ellen,urellen,Digital prophet,joalex
Dean Jame,dejame,Marketing Rock star,rukay
Dot Molly,domolly,Oyster Floater,mamaurice
Cris Dorian,crdorian,Chief Amazement Officer,majordon
Eli Bella,elbella,Director of First Impressions,suhobert
Tyrell Shan,tyshan,Under Secretary to the Sub-Committee,joalex
Bunny Lavette,bulavette,Animal Colourist,nomichell
Sarina Susana,sasusana,Space Travel Agent,huervin
Stanton Toby,sttoby,Crayon Evangelist,chlady
Ginette Verna,giverna,Grand Master of Underlings,tacathie
Lakenya Marlin,lamarlin,Chief Inspiration Officer,tamandi
Timmy Seymour,tiseymour,Actions and Repercussions Adviser,luferdinand
Elwood Barb,elbarb,Hyphenated-specialist,majordon
Rosa Jamie,rojamie,Marketing Rock star,debertie
Gracie Aubrey,graubrey,Chief Chatter,jesun
Kesha Roberto,keroberto,Sales Ninja,rukay
Danita Basil,dabasil,Senior Kindle Evangelist,shcarroll
Doris Ruth,doruth,Sous chef,rukay
Taryn Mackenzie,tamackenzie,Associate Vice President,mamaurice
Santa Scott,sascott,Actions and Repercussions Adviser,tonorma
Laveta Rolando,larolando,Under Secretary to the Sub-Committee,anrob
Elias Easter,eleaster,Creativity Analyst,tacathie
Eura Sabine,eusabine,Twisted Brother,tonorma
Callie Hai,cahai,Under Secretary to the Sub-Committee,yolester
Shanell Maggie,shmaggie,Digital Dynamo,tamandi
Frederic Luke,frluke,Problem Wrangler,marupert
Collene Josue,cojosue,Twisted Brother,huervin
Carter Hollis,cahollis,Animal Colourist,alfredrick
Miguel Xiao,mixiao,Creativity Analyst,majordon
Fredricka Emerald,fremerald,Retail Jedi,tacathie
Delphia Foster,defoster,Part-Time Czar,tonorma
Klara Lai,kllai,Patron Saint of Academic Studying,chlady
Amos Chia,amchia,Digital prophet,dehong
Kisha Andera,kiandera,Chief Chatter,auandrea
Myles Martine,mymartine,Wizard of Light Bulb Moments,rukay
Margie Catalina,macatalina,Space Travel Agent,alfredrick
Marylou Molly,mamolly,Digital Overlord,rukay
Jesenia May,jemay,Pneumatic device and machine optimizer,tonorma
Tanya Major,tamajor,Sous chef,elstefani
Heide Wilburn,hewilburn,Chief curator,shfelice
Iola Edie,ioedie,Sous chef,majordon
Sabra Anderson,saanderson,Professionalist International and world-wide optical and vision-focused tenured professorship,gibrook
Cathy Pam,capam,Master Handshaker,auandrea
Bo Jarrett,bojarrett,Digital Dynamo,huervin
Florrie Merideth,flmerideth,Conversation Architect,jesun
Lucrecia Florence,luflorence,Light Bender,chlady
Williemae Vicente,wivicente,Patron Saint of Academic Studying,hetennille
Micki Hester,mihester,Beverage Dissemination Officer,sasusana
Antony Jordon,anjordon,Hyphenated-specialist,dehong
Dewayne Darius,dedarius,Chief Inspiration Officer,hetennille
Osvaldo Julio,osjulio,Director of Ethical Hacking,chlady
Berniece Ernesto,beernesto,Chief curator,auandrea
Eliseo Emma,elemma,Crayon Evangelist,chleopoldo
Truman January,trjanuary,Marketing Rock star,hedarius
Leif Somer,lesomer,Associate Vice President,tacathie
Damian Bonny,dabonny,Animal Colourist,majordon
Cicely Hazel,cihazel,Beverage Dissemination Officer,rukay
Angie Cecilia,ancecilia,Cheese Sprayer,alcory
Madge Rupert,marupert,Part-Time Czar,sasusana
Leatrice Scott,lescott,Conversation Architect,alfredrick
Lavern Shelly,lashelly,Problem Wrangler,luferdinand
Azucena Heidi,azheidi,Director of First Impressions,laelsa
Mary Emanuel,maemanuel,Part-Time Czar,tacathie
Carmel Brenton,cabrenton,Creator of opportunities,cahai
Cherish Marian,chmarian,The Resinator,caamparo
Graig Lauri,grlauri,Chief curator,suhobert
Danial Marry,damarry,Direct Mail Demi-God,jetim
Kaitlin Stacey,kastacey,Personalized care assistant,marupert
Hermine Tennille,hetennille,New Media Guru,alcory
Lu Ferdinand,luferdinand,Associate to the Executive Manager of Marketeering and Conservation efforts,hetennille
Georgina Sidney,gesidney,Director of First Impressions,huervin
Kimberly Lawrence,kilawrence,Oyster Floater,debertie
Denna Denise,dedenise,Crayon Evangelist,jolong
Man Tracy,matracy,Part-Time Czar,jebroderick
Sari Sun,sasun,Space Travel Agent,rukay
Lanette Thao,lathao,Oyster Floater,shfelice
Vernell Farrah,vefarrah,Master Handshaker,mcdan
Elena Whitley,elwhitley,Chief Biscuit Dunker,jesun
Humberto Kip,hukip,Senior Kindle Evangelist,alfredrick
Drucilla Ida,drida,Creator of opportunities,suhobert
Demetrice Chester,dechester,Cheese Sprayer,jesun
Venessa Deanne,vedeanne,Ambassador of buzz,suhobert
Valrie Chris,vachris,Personalized care assistant,elstefani
Dudley Kala,dukala,Director of Fun,cahai
Jeanette Clinton,jeclinton,Space Travel Agent,shcarroll
Jackqueline Walker,jawalker,Director of Ethical Hacking,suhobert
Kaleigh Tracy,katracy,Direct Mail Demi-God,arwilson
Darrel Gordon,dagordon,Hyphenated-specialist,lathao
Jettie Dennis,jedennis,Master Handshaker,shmargaret
Emiko Francisco,emfrancisco,Happiness Advocate,vachris
Wava Mitch,wamitch,Wizard of Light Bulb Moments,chleopoldo
Laurie Sonia,lasonia,Catalyst,tacathie
Treasa Burton,trburton,Creativity Analyst,cojosue
Blossom Elton,blelton,Arts and Crafts Designer,flpatricia
Anjelica Tena,antena,Catalyst,cojosue
Donna Jamal,dojamal,Accounting Ninja,jetim
Ralph Jacquelin,rajacquelin,Creativity Analyst,cahai
Latanya Armand,laarmand,Patron Saint of Academic Studying,jetim
Sigrid Newton,sinewton,Creator of Happiness,cojosue
Lynwood Ora,lyora,Social Media Trailblazer,yolester
Magaly Chase,machase,Communications Ambassador,shfelice
Letitia Jayme,lejayme,New Media Guru,alfredrick
Hildred Isabella,hiisabella,Pneumatic device and machine optimizer,vachris
Justine Chuck,juchuck,Master Handshaker,chlady
Jong Alex,joalex,Creator of opportunities,wamitch
Mitsuko Song,misong,Catalyst,dehong
Helena Darius,hedarius,Marketing Rock star,chleopoldo
Margarito Chan,machan,Chief Amazement Officer,dehong
Alphonso Fredrick,alfredrick,Director of First Impressions,wamitch
Hunter Ervin,huervin,Sous chef,jetim
Hermine Afton,heafton,Creator of opportunities,cahai
Dave Leon,daleon,Twisted Brother,cahai
Bradford Dominque,brdominque,Marketing Rock star,dehong
Allen Cory,alcory,Digital Overlord,chleopoldo
Shaina Houston,shhouston,Chief Amazement Officer,majordon
Tenesha Santana,tesantana,Conversation Architect,auandrea
Fernanda Merle,femerle,Director of First Impressions,suhobert
Laurena Leone,laleone,Beverage Dissemination Officer,hetennille
Sherlyn Wilmer,shwilmer,Actions and Repercussions Adviser,mamaurice
Danielle Lavelle,dalavelle,Catalyst,cojosue
Teisha Lee,telee,Wizard of Light Bulb Moments,suhobert
Janie Celeste,jaceleste,Sous chef,flpatricia
Jamel Hilario,jahilario,Project Meanie,majordon
Ashly Farah,asfarah,Chief Inspiration Officer,hetennille
Shirleen Brain,shbrain,Cheese Sprayer,cojosue
May Daria,madaria,Head of global trends and futuring,mcdan
Christin Jerry,chjerry,Communications Ambassador,jebroderick
Ronda Lana,rolana,Communications Ambassador,alcory
Bertie Rupert,berupert,Director of First Impressions,nomichell
Iona Virgilio,iovirgilio,Project Meanie,stfay
Corene Pablo,copablo,Brand Evangelist,dojamal
Tomika Norma,tonorma,Creativity Analyst,dojamal
Selene Maile,semaile,Beverage Dissemination Officer,alcory
Adelina Marsha,admarsha,Change Magician,shcarroll
Sarai Ashton,saashton,Project Meanie,jesun
Lizette Hilde,lihilde,Conversation Architect,alfredrick
Jesica Chae,jechae,Chief Chatter,suhobert
Robbin Daisy,rodaisy,Digital Dynamo,rukay
Janetta Clair,jaclair,Actions and Repercussions Adviser,jesun
Jennine Tim,jetim,Beverage Dissemination Officer,chleopoldo
Milford Anna,mianna,Director of First Impressions,suhobert
Jewel Sung,jesung,Initiative Officer,flpatricia
Florinda Julian,fljulian,Creator of opportunities,auandrea
Keesha Kaye,kekaye,Professionalist International and world-wide optical and vision-focused tenured professorship,alfredrick
Genesis Dale,gedale,Pneumatic device and machine optimizer,alfredrick
Jenette Lucien,jelucien,Chief Amazement Officer,mcdan
Janine Kendra,jakendra,Grand Master of Underlings,yolester
Noelle Edmund,noedmund,Digital prophet,alfredrick
Arnette Yee,aryee,Part-Time Czar,dojamal
Clorinda Emmett,clemmett,Director of Fun,tonorma
Voncile Joesph,vojoesph,Crayon Evangelist,cahai
Callie Houston,cahouston,Actions and Repercussions Adviser,jesun
Sulema Hobert,suhobert,Direct Mail Demi-God,hedarius
Shanell Fausto,shfausto,Sous chef,marupert
Sena Karin,sekarin,Pneumatic device and machine optimizer,alcory
Freda Albert,fralbert,Change Magician,wamitch
Alisia Caterina,alcaterina,Happiness Advocate,suhobert
Omega Jeannette,omjeannette,Accounting Ninja,mcdan
Taylor Harvey,taharvey,Digital prophet,chleopoldo
Suzy Verona,suverona,Second Tier Totalist,jesun
Santos Estrella,saestrella,Conversation Architect,arwilson
Paulita Cesar,pacesar,Happiness Advocate,caamparo
Alena Patrick,alpatrick,New Media Guru,auandrea
Fredda Christin,frchristin,Digital prophet,jolong
Darwin Adan,daadan,Communications Ambassador,yolester
Mabelle Maurice,mamaurice,Chief Biscuit Dunker,gibrook
Arvilla Wilson,arwilson,Grand Master of Underlings,dojamal
Christa Genia,chgenia,Marketing Rock star,tacathie
Buddy Wilbur,buwilbur,Twisted Brother,dojamal
Sana Ronda,saronda,Second Tier Totalist,rukay
Lelah Lillie,lelillie,Catalyst,drida
Elden Stefani,elstefani,Conversation Architect,chleopoldo
Mireille Janey,mijaney,Happiness Advocate,anrob
Franchesca Roselle,frroselle,Cheese Sprayer,majordon
See Winter,sewinter,New Media Guru,hukip
Akilah Audie,akaudie,Retail Jedi,hetennille
Markita Parker,maparker,Director of First Impressions,alcory
Mina Ramiro,miramiro,Problem Wrangler,huervin
Francene Savannah,frsavannah,Accounting Ninja,alfredrick
Herta Jong,hejong,Happiness Advocate,suhobert
Cordia Cary,cocary,Beverage Dissemination Officer,joalex
Asha Gaston,asgaston,Professionalist International and world-wide optical and vision-focused tenured professorship,suhobert
Cleopatra Serena,clserena,Associate to the Executive Manager of Marketeering and Conservation efforts,tacathie
Tonda Joel,tojoel,Chief Amazement Officer,jesun
Twana Wanda,twwanda,Pneumatic device and machine optimizer,diaudrey
Bert Asuncion,beasuncion,Actions and Repercussions Adviser,alfredrick
Riley Christine,richristine,Corporate Magician,debertie
Roberto Kirsten,rokirsten,Under Secretary to the Sub-Committee,dojamal
Kum Lona,kulona,Communications Ambassador,laelsa
Jerica Everette,jeeverette,Chief curator,majordon
Deandre Anibal,deanibal,Chief Inspiration Officer,ozrich
Courtney Issac,coissac,Conversation Architect,laelsa
Tiffaney Celeste,ticeleste,Marketing Rock star,mamaurice
Chun Edris,chedris,Retail Jedi,hukip
Elroy Jesse,eljesse,Patron Saint of Academic Studying,joalex
Stefania Min,stmin,Part-Time Czar,gewillis
Carla Edmund,caedmund,Digital Dynamo,diaudrey
Leeann Jamel,lejamel,Digital Overlord,joalex
Stefan Abram,stabram,Light Bender,dehong
Noel Michell,nomichell,Personalized care assistant,taharvey
Dannie Dina,dadina,New Media Guru,rukay
Latisha Joyce,lajoyce,Associate to the Executive Manager of Marketeering and Conservation efforts,debertie
Gabriel Paulette,gapaulette,Light Bender,joalex
Rashad Jennie,rajennie,Marketing Rock star,dojamal
Maryjo Chandra,machandra,Animal Colourist,suhobert
Jeannie Sun,jesun,Senior Kindle Evangelist,taharvey
Tawana Tracy,tatracy,Genius,dehong
Floyd Patricia,flpatricia,Chief Cheerleader,jetim
Danilo Sebastian,dasebastian,Part-Time Czar,tacathie
Eulalia Lyle,eulyle,Sous chef,alfredrick
Gina Brook,gibrook,Problem Wrangler,alcory
Carolin Gail,cagail,Cheese Sprayer,majordon
Claribel Willette,clwillette,Change Magician,mcdan
Randa Caroll,racaroll,Digital prophet,cahai
Nana Pam,napam,Master Handshaker,huervin
Dee Hong,dehong,Associate Vice President,taharvey
Yoshiko Lester,yolester,Genius,hedarius
Ruthie Kay,rukay,Arts and Crafts Designer,hedarius
Kittie Lyndon,kilyndon,Actions and Repercussions Adviser,diaudrey
Dianna John,dijohn,Digital Dynamo,shcarroll
Roderick Art,roart,Creator of Happiness,majordon
Salina Alphonso,saalphonso,Sales Ninja,alfredrick
Marisela Oscar,maoscar,Ambassador of buzz,shcarroll
Angelic Arline,anarline,Under Secretary to the Sub-Committee,tacathie
Viviana Jennette,vijennette,Creator of opportunities,arwilson
Ted Valorie,tevalorie,Second Tier Totalist,rukay
Clora Salvatore,clsalvatore,Marketing Rock star,yolester
Diedra Audrey,diaudrey,Master Handshaker,yolester
Nelson Raymond,neraymond,Director of First Impressions,yolester
Joye Long,jolong,Wizard of Light Bulb Moments,tacathie
Kerstin Clark,keclark,Associate Vice President,majordon
Bell Shea,beshea,Digital Overlord,shmargaret
Marleen Ernest,maernest,Twisted Brother,sasusana
Carin Amparo,caamparo,Light Bender,auandrea
Ginger Juan,gijuan,Digital Dynamo,vachris
Shaquita Hugo,shhugo,Dream Alchemist,jebroderick
Jonna Patience,jopatience,Digital prophet,tonorma
Roscoe Angela,roangela,Dream Alchemist,chleopoldo
Machelle Verdell,maverdell,Chief Inspiration Officer,gewillis
Macy Sabina,masabina,Problem Wrangler,huervin
Yolanda Keri,yokeri,Wizard of Light Bulb Moments,tonorma
Margurite Devon,madevon,Head of global trends and futuring,rukay
Mitchel Rupert,mirupert,Crayon Evangelist,hedarius
Renay Maryland,remaryland,Digital prophet,joalex
Julian Karen,jukaren,Direct Mail Demi-God,jebroderick
Terence Dexter,tedexter,Light Bender,nosherry
Linh Clement,liclement,Part-Time Czar,nomichell
Dusti Emmanuel,duemmanuel,Associate to the Executive Manager of Marketeering and Conservation efforts,suhobert
Woodrow Milly,womilly,Chief Biscuit Dunker,luferdinand
Arnulfo Sunshine,arsunshine,Sous chef,elstefani
Santiago Beth,sabeth,Change Magician,jetim
Roselle Blondell,roblondell,Accounting Ninja,elstefani
Ghislaine Marietta,ghmarietta,Genius,tacathie
Lashawnda Elsa,laelsa,Under Secretary to the Sub-Committee,caamparo
Sofia Stewart,sostewart,Hair Boiler,jetim
Anika Rob,anrob,Ambassador of buzz,debertie
Miki Han,mihan,Hyphenated-specialist,majordon
Kitty Tyson,kityson,Director of First Impressions,debertie
Iola Milly,iomilly,Digital Overlord,yolester
Tajuana Cathie,tacathie,Animal Colourist,hedarius
Bertram Rachell,berachell,The Resinator,jebroderick
Geralyn Willis,gewillis,Direct Mail Demi-God,arwilson
Gwyn Matthew,gwmatthew,Sales Ninja,cojosue
Tashia Mandi,tamandi,Ambassador of buzz,nomichell
Parker Shawnee,pashawnee,Associate to the Executive Manager of Marketeering and Conservation efforts,taharvey
Yaeko Carie,yacarie,Dream Alchemist,yolester
Rashida Ka,raka,Happiness Advocate,iomilly
Cris Sun,crsun,Master Handshaker,cahai
Larisa Lily,lalily,Chief Amazement Officer,dojamal
Nerissa Maud,nemaud,Digital Dynamo,hetennille
Buster Arnold,buarnold,Sous chef,hedarius
Mckinley Dan,mcdan,Problem Wrangler,debertie
Henrietta Jacinto,hejacinto,Part-Time Czar,jesun
Cassi Eve,caeve,Light Bender,rukay
Melida Jong,mejong,Under Secretary to the Sub-Committee,shfelice
Grayce Jaime,grjaime,Part-Time Czar,debertie
Fonda Reed,foreed,Accounting Ninja,dehong
Kellee Napoleon,kenapoleon,Genius,huervin
Lindsay Becky,libecky,Direct Mail Demi-God,suhobert
Arden Rudolf,arrudolf,Professionalist International and world-wide optical and vision-focused tenured professorship,elstefani
Tajuana Fidel,tafidel,Sous chef,dehong
Vernie Lloyd,velloyd,Twisted Brother,saestrella
Mark Jame,majame,Master Handshaker,wamitch
Idell Jordon,idjordon,Under Secretary to the Sub-Committee,laarmand
Marnie Rudolph,marudolph,Master Handshaker,hedarius
Kary Lin,kalin,Director of First Impressions,gibrook
Jose Robbie,jorobbie,VP of Misc. Stuff,jetim
Carroll Shayne,cashayne,Marketing Rock star,yolester
Noreen Sherry,nosherry,Grand Master of Underlings,dehong
Tammy Amos,taamos,Director of First Impressions,tacathie
Stacy Fay,stfay,New Media Guru,nomichell
Staci Maynard,stmaynard,Social Media Trailblazer,debertie
Branden Lovie,brlovie,Digital prophet,shcarroll
Maren Jordon,majordon,Personalized care assistant,jetim
Jone Kenna,jokenna,Oyster Floater,alcory
Enoch Darrin,endarrin,Accounting Ninja,diaudrey
Vita Mandy,vimandy,Director of First Impressions,luferdinand
Arielle Kristen,arkristen,Light Bender,jesun
Charleen Lady,chlady,Chief Amazement Officer,jetim
Myra Tom,mytom,Creator of Happiness,tacathie
Carlotta Beverley,cabeverley,New Media Guru,rukay
Beth Sherrill,besherrill,Grand Master of Underlings,laarmand
Elina Valencia,elvalencia,Pneumatic device and machine optimizer,lathao
Jenise Broderick,jebroderick,Marketing Rock star,wamitch
Kenia Roland,keroland,Twisted Brother,dojamal
Mack Zack,mazack,VP of Misc. Stuff,rukay
Sheridan Margaret,shmargaret,Change Magician,suhobert
Ozella Rich,ozrich,Master of Disaster,tacathie
Tomas Marin,tomarin,Personalized care assistant,luferdinand